id,title
330457,Frozen II
398978,The Irishman
466272,Once Upon a Time… in Hollywood
645541,Ellipse
474350,It Chapter Two
290859,Terminator: Dark Fate
475557,Joker
540901,Hustlers
522938,Rambo: Last Blood
920,Cars
546554,Knives Out
429617,Spider-Man: Far from Home
420817,Aladdin
496243,Parasite
384018,Fast & Furious Presents: Hobbs & Shaw
420818,The Lion King
423204,Angel Has Fallen
431580,Abominable
567609,Ready or Not
101411,23-F: la película
330457,Frozen II
398978,The Irishman
466272,Once Upon a Time… in Hollywood
645541,Ellipse
474350,It Chapter Two
290859,Terminator: Dark Fate
475557,Joker
540901,Hustlers
522938,Rambo: Last Blood
920,Cars
546554,Knives Out
429617,Spider-Man: Far from Home
420817,Aladdin
496243,Parasite
384018,Fast & Furious Presents: Hobbs & Shaw
420818,The Lion King
423204,Angel Has Fallen
431580,Abominable
567609,Ready or Not
101411,23-F: la película
299536,Avengers: Infinity War
568012,One Piece: Stampede
449924,Ip Man 4: The Finale
540247,Jurassic Galaxy
559969,El Camino: A Breaking Bad Movie
109445,Frozen
596302,Crayon Shin-chan: Honeymoon Hurricane ~The Lost Hiroshi~
486589,Red Shoes and the Seven Dwarfs
359724,Ford v Ferrari
181812,Star Wars: The Rise of Skywalker
807,Se7en
571346,American Kamasutra
458156,John Wick: Chapter 3 - Parabellum
11,Star Wars
524,Casino
512200,Jumanji: The Next Level
480105,47 Meters Down: Uncaged
453405,Gemini Man
27205,Inception
566057,Lupinranger VS Patranger VS Kyuranger
420809,Maleficent: Mistress of Evil
458897,Charlie's Angels
24428,The Avengers
155,The Dark Knight
299534,Avengers: Endgame
122917,The Hobbit: The Battle of the Five Armies
508965,Klaus
320288,Dark Phoenix
484641,Anna
166428,How to Train Your Dragon: The Hidden World
301528,Toy Story 4
535544,Downton Abbey
522162,Midway
157336,Interstellar
611207,The Knight Before Christmas
245891,John Wick
399579,Alita: Battle Angel
348,Alien
284053,Thor: Ragnarok
324857,Spider-Man: Into the Spider-Verse
87101,Terminator Genisys
299537,Captain Marvel
671,Harry Potter and the Philosopher's Stone
528888,Dolemite Is My Name
118340,Guardians of the Galaxy
71805,Shipwrecked
283995,Guardians of the Galaxy Vol. 2
373571,Godzilla: King of the Monsters
639609,Holiday Rush
181808,Star Wars: The Last Jedi
22,Pirates of the Caribbean: The Curse of the Black Pearl
412117,The Secret Life of Pets 2
604165,Kamen Rider Zi-O the Movie: Over Quartzer!
238636,The Purge: Anarchy
549053,Last Christmas
508664,Danger Close: The Battle of Long Tan
499701,Dora and the Lost City of Gold
383498,Deadpool 2
46853,Playing with Love
530385,Midsommar
680,Pulp Fiction
419704,Ad Astra
263115,Logan
608812,Handjob Cabin
522162,Midway
120,The Lord of the Rings: The Fellowship of the Ring
10195,Thor
297802,Aquaman
259316,Fantastic Beasts and Where to Find Them
812,Aladdin
122,The Lord of the Rings: The Return of the King
269149,Zootopia
287947,Shazam!
638507,How to Train Your Dragon: Homecoming
332562,A Star Is Born
19995,Avatar
284054,Black Panther
198663,The Maze Runner
206647,Spectre
12445,Harry Potter and the Deathly Hallows: Part 2
582083,Kamen Rider Build NEW WORLD: Kamen Rider Grease
521777,Good Boys
293660,Deadpool
516700,Gundala
150540,Inside Out
645541,Ellipse
102651,Maleficent
447404,Pokémon Detective Pikachu
399579,Alita: Battle Angel
315635,Spider-Man: Homecoming
272,Batman Begins
129,Spirited Away
238,The Godfather
271110,Captain America: Civil War
76338,Thor: The Dark World
603,The Matrix
17979,A Christmas Carol
428078,Mortal Engines
280,Terminator 2: Judgment Day
278,The Shawshank Redemption
606117,A Cinderella Story: Christmas Wish
335983,Venom
177572,Big Hero 6
672,Harry Potter and the Chamber of Secrets
240,The Godfather: Part II
450465,Glass
428045,The Mystery of the Dragon’s Seal
335984,Blade Runner 2049
537061,Steven Universe: The Movie
238615,Self/less
351286,Jurassic World: Fallen Kingdom
338967,Zombieland: Double Tap
504949,The King
487616,Curiosa
1895,Star Wars: Episode III - Revenge of the Sith
404368,Ralph Breaks the Internet
286217,The Martian
501170,Doctor Sleep
424694,Bohemian Rhapsody
424783,Bumblebee
